<?xml version="1.0" encoding="utf-8" ?><dwsync><file name="murals-01.jpg" server="ftp.eclipsic.com/eclipsic.com/" local="3308664132" remote="59150355328" /><file name="murals-02.jpg" server="ftp.eclipsic.com/eclipsic.com/" local="3308666362" remote="59150355328" /><file name="murals-03.jpg" server="ftp.eclipsic.com/eclipsic.com/" local="3308668030" remote="59150355328" /><file name="murals-04.jpg" server="ftp.eclipsic.com/eclipsic.com/" local="3308669865" remote="59150355328" /><file name="murals-05.jpg" server="ftp.eclipsic.com/eclipsic.com/" local="3308671118" remote="59150355328" /><file name="murals-06.jpg" server="ftp.eclipsic.com/eclipsic.com/" local="3308671580" remote="59150355328" /><file name="murals-07.jpg" server="ftp.eclipsic.com/eclipsic.com/" local="3308673656" remote="59150355328" /><file name="murals-08.jpg" server="ftp.eclipsic.com/eclipsic.com/" local="3308672850" remote="59150355328" /><file name="murals-09.jpg" server="ftp.eclipsic.com/eclipsic.com/" local="3308680106" remote="59150355328" /><file name="murals-10.jpg" server="ftp.eclipsic.com/eclipsic.com/" local="3308681201" remote="59150355328" /><file name="murals-11.jpg" server="ftp.eclipsic.com/eclipsic.com/" local="3308681712" remote="59150355328" /><file name="murals-12.jpg" server="ftp.eclipsic.com/eclipsic.com/" local="3308682077" remote="59150355328" /></dwsync>